<?xml version="1.0" encoding="UTF-8" ?>
<XMLDB PATH="enrol/flatfile/db" VERSION="20120122" COMMENT="XMLDB file for Moodle enrol/flatfile"
    xmlns:xsi="http://www.w3.org/2001/XMLSchema-instance"
    xsi:noNamespaceSchemaLocation="../../../lib/xmldb/xmldb.xsd"
>
  <TABLES>
    <TABLE NAME="enrol_flatfile" COMMENT="enrol_flatfile table retrofitted from MySQL">
      <FIELDS>
        <FIELD NAME="id" TYPE="int" LENGTH="10" NOTNULL="true" SEQUENCE="true" NEXT="action"/>
        <FIELD NAME="action" TYPE="char" LENGTH="30" NOTNULL="true" SEQUENCE="false" PREVIOUS="id" NEXT="roleid"/>
        <FIELD NAME="roleid" TYPE="int" LENGTH="10" NOTNULL="true" SEQUENCE="false" PREVIOUS="action" NEXT="userid"/>
        <FIELD NAME="userid" TYPE="int" LENGTH="10" NOTNULL="true" SEQUENCE="false" PREVIOUS="roleid" NEXT="courseid"/>
        <FIELD NAME="courseid" TYPE="int" LENGTH="10" NOTNULL="true" SEQUENCE="false" PREVIOUS="userid" NEXT="timestart"/>
        <FIELD NAME="timestart" TYPE="int" LENGTH="10" NOTNULL="true" DEFAULT="0" SEQUENCE="false" PREVIOUS="courseid" NEXT="timeend"/>
        <FIELD NAME="timeend" TYPE="int" LENGTH="10" NOTNULL="true" DEFAULT="0" SEQUENCE="false" PREVIOUS="timestart" NEXT="timemodified"/>
        <FIELD NAME="timemodified" TYPE="int" LENGTH="10" NOTNULL="true" DEFAULT="0" SEQUENCE="false" PREVIOUS="timeend"/>
      </FIELDS>
      <KEYS>
        <KEY NAME="id" TYPE="primary" FIELDS="id" COMMENT="primary key" NEXT="courseid-id"/>
        <KEY NAME="courseid-id" TYPE="foreign" FIELDS="courseid" REFTABLE="course" REFFIELDS="id" PREVIOUS="id" NEXT="userid-id"/>
        <KEY NAME="userid-id" TYPE="foreign" FIELDS="userid" REFTABLE="user" REFFIELDS="id" PREVIOUS="courseid-id" NEXT="roleid-id"/>
        <KEY NAME="roleid-id" TYPE="foreign" FIELDS="roleid" REFTABLE="role" REFFIELDS="id" PREVIOUS="userid-id"/>
      </KEYS>
    </TABLE>
  </TABLES>
</XMLDB>