<?xml version="1.0" encoding="utf-8"?>
<!--
 *   kajoo
 *   Authors: Juan Dapena Paz (juan@bittingbits.com), Miguel Puig (miguel@freebandtech.com)
 *   Copyright (C) 2012
 *
 *   This program is free software: you can redistribute it and/or modify
 *   it under the terms of the GNU General Public License as published by
 *   the Free Software Foundation, either version 3 of the License, or
 *   (at your option) any later version.
 *
 *   This program is distributed in the hope that it will be useful,
 *   but WITHOUT ANY WARRANTY; without even the implied warranty of
 *   MERCHANTABILITY or FITNESS FOR A PARTICULAR PURPOSE.  See the
 *   GNU General Public License for more details.
 *
 *   You should have received a copy of the GNU General Public License
 *   along with this program.  If not, see <http://www.gnu.org/licenses/>.
 -->
<install type="component" version="1.7.0" method="upgrade">
	<name>Kaltura</name>
	<author>Juan Dapena Paz</author>
	<description>
	<![CDATA[<h1>Kajoo</h1><strong>Kajoo is a set of extensions for the award-winning Joomla CMS which offers flexible interfaces to handle media assets stored on a Kaltura powered streaming server.</strong>Its primary focus lies in the content distribution industry. As such, it largely extends Kaltura's metadata tools in order to address very specific needs professionals in this industry are faced with. The whole sales cycle is covered, from gathering information about existing or prospected customers to rights management.It can also generate professional looking catalogues to deliver in exhibitions. The frontend view can be structured as intended and still keep a sleek, straightforward look and feel. Furthermore, it loads equally well on all major rendering engines and devices.]]>
	</description>
	<version>0.10.2</version>

	<installfile>install.Kaltura.php</installfile>
	<uninstallfile>uninstall.Kaltura.php</uninstallfile>
	
	<!-- installation part -->
	<install>
		<sql>
			<file driver="mysql" charset="utf8" folder="sql">sql/install.Kaltura.mysql.sql</file>
		</sql>
	</install>
	<uninstall>
		<sql>
			<file driver="mysql" charset="utf8" folder="sql">sql/uninstall.Kaltura.mysql.sql</file>
		</sql>
	</uninstall>

	<!-- user part -->
	<files folder="components/com_kaltura">
		<filename>controller.php</filename>
		<filename>index.html</filename>
		<filename>router.php</filename>
		<filename>kaltura.php</filename>
		<folder>models</folder>
		<folder>views</folder>
		<folder>controllers</folder>
		<folder>helpers</folder>
		<folder>assets</folder>
		<folder>language</folder>
	</files>
	
	<languages folder="components/com_kaltura/language">
        <language tag="en-GB">en-GB/en-GB.com_kaltura.ini</language>
        <language tag="en-US">en-GB/en-GB.com_kaltura.ini</language>
    </languages>

	<!-- administration part -->
	<administration>
	<menu task="default" img="components/com_kaltura/assets/joomtura-16.png">COM_KALTURA</menu>
	<submenu>
	    <menu img="components/com_kaltura/assets/instances-16.png" link="option=com_kaltura&amp;task=instances" alt="Publishers">COM_KALTURA_PUBLISHERS</menu>
	    <menu img="components/com_kaltura/assets/contenteditor-16.png" task="contentselector">COM_KALTURA_CONTENT_EDITOR</menu>
	    <menu img="components/com_kaltura/assets/notes-16.png" task="notes">COM_KALTURA_NOTES</menu>
	    <menu img="components/com_kaltura/assets/fieldsmanager-16.png" task="fieldsmanager">COM_KALTURA_FIELDS_MANAGER</menu>
	    <menu img="components/com_kaltura/assets/task-16.png" task="exporttool">COM_KALTURA_EXPORT</menu>
	    <menu img="components/com_kaltura/assets/validate-16.png" task="validate">COM_KALTURA_VALIDATE</menu>
	</submenu>

	<files folder="admin">
		<filename>config.xml</filename>
		<filename>controller.php</filename>
		<filename>index.html</filename>
		<filename>kaltura.php</filename>
		<folder>controllers</folder>
		<folder>helpers</folder>
		<folder>models</folder>
		<folder>tables</folder>
		<folder>views</folder>
		<folder>assets</folder>
		<folder>sql</folder>
		<folder>language</folder>
	</files>
<languages folder="admin/language">
    <language tag="en-GB">en-GB/en-GB.com_kaltura.ini</language>
    <language tag="en-GB">en-GB/en-GB.com_kaltura.sys.ini</language>
</languages>
	</administration>
	
	<params>
	</params>

</install>
