<?xml version="1.0" ?>
<mosinstall type="module">
   <name>My Links</name>
   <creationDate>21 March 2008</creationDate>
   <author>DJesus (&Fox)</author>
   <copyright>This module is released under the GNU/GPL License</copyright>
   <authorEmail>dj@tegdesign.ch</authorEmail>
   <authorUrl>www.tegdesign.ch</authorUrl>
   <version>v1.4</version>
   <description>Show the user's favorites local links from their personal basket, with actions to manage the links.</description>
   <files>
      <filename module="mod_mylinks">mod_mylinks.php</filename>
      <image>mod_mylinks/add_favorite.gif</image>
      <image>mod_mylinks/edit_favorites.gif</image>
   </files>

   <params>
      <param name="title" type="text" default="" label="Title" description="Set the Title of the Module" />

      <param name="viewlist" type="radio" default="1" label="View List mode" description="Display the list of Links">
          <option value="0">No</option>
          <option value="1">Yes</option>
      </param>

      <param name="displaycombo" type="list" default="0" label="Display Mode" description="Display the favorites in a Combobox or in a simple text list.">
          <option value="0">Simple List</option>
          <option value="1">ComboBox</option>
      </param>

      <param name="displaymode" type="list" default="0" label="Vertical or Horizontal Display" description="Vertical or Horizontal Display">
          <option value="0">Vertical</option>
          <option value="1">Horizontal</option>
      </param>

      <param name="displayaction" type="list" default="0" label="Display mode for actions" description="Display mode for actions">
          <option value="0">Text only</option>
          <option value="1">Icon + Text</option>
          <option value="2">Icon only</option>
      </param>

      <param name="viewcount" type="radio" default="0" label="View Count mode" description="Display the amount of links stored.">
          <option value="0">No</option>
          <option value="1">Yes</option>
      </param>

      <param name="@spacer" type="spacer" default="" label="" description="" />

      <param name="cache" type="radio" default="0" label="Enable Cache" description="Select whether or not to cache the content of this module">
          <option value="0">No</option>
          <option value="1">Yes</option>
      </param>

      <param name="moduleclass_sfx" type="text" default="" label="Module Class Suffix" description="A suffix to be applied to the css class of the module (table.moduletable), this allows individual module styling" />
   </params>

</mosinstall>